HFC5251ZLJP1K7E39S3V,LJ13R4DJ4J3206141,
ZK6109DX6,LZYTCTC2XF1039012,
VF1VYRTE,VF1VYRTE6AC343405,
CA1169PK2L2EA80,LFNAFRCM4AAD82949,
JX5044XXYXG2,LEFYECG20FHN46225,
KLQ6109TAEV1,LKLA6G191FB679904,
HG7201A(ACCORD 2.0 i-VTEC),LHGCM462162020214,
WBAFG210,WBAFG2106CL949794,
SC6418D4,LS4ASB3R3BA740578,
WBAFE410,WBAFE4106AL390679,
KLQ6127KQE,LKLR1KSL9KA731567,
WDDNG5EB,WDDNG5EB1BA372944,
NJ6487SDES6,LNVA1CA31AV400431,
JTJZA11A,JTJZA11A2B2420364,
KLQ6109GAHEVE5E,LKLA8G1A8GA707192,
ZK6662DXAA,LZYTFTB22C1006378,
HKL6600BEV,LA9KA4EAXF1JSJ015,
JX5045XXYXG2,LEFYECG26EHN42470,
WBAUD310,WBAUD3105BP520112,
2362CC,JTDBE30KX00256871,
KLQ6920GE3,LKLR1ESC29C524521,
KLQ5022XXYEV1,LKLGFA11XJA725875,
SGM7180LE AT,LSGJU52P35S113120,
KLQ6109GCE4,LKLR3FSD5CC593297,
LZW6407BCY,LZWACAGA8GA072551,
CA5041XXYP40K2L1E5A84-3,LFNA4LCA4HAM25430,
NJ1082DCHZ,LNYAEDA2XBK105013,
LZW6445JY,LZWADAGA0G8022523,
LZW6390A3,LZWACAGAXA4205915,
DN7152LA,LDNB43AZ3B0361675,
KLQ6895GCE4,LKLR3DSB7DC623307,
JTHBK262,JTHBK2629C5170242,
JX5042XXYXGE2,LEFYECG23JHN35521,
WDDFH3DB,WDDFH3DB0AJ570579,
BMW7301JL(BMW530Li),LBVCU5109CSF03273,
3C4PDCFB,3C4PDCFB8ET162501,
BORA1.8AT,LFVBA21J443049594,
HG7153A(VTEC),LHGGD374382506277,
ZK6119DX5,LZYTBTD24F1039024,
JN1CCUA33Z0,JN1CCUA33Z0203794,
BORA1.6,LFVBA11J243031718,
BJ3318DNPKC,LRDV7PEC5DR010060,
HMC7163E3A,LH17CKJF58H215259,
DC7163SX,LDC733E2430036548,
BMW7251LL(BMW520Li),LBVFP1904CSE92992,
BMW7200MD(BMW320i),LBVPS5105BSD44418,
LZW6450BF,LZWACAGAXCA047306,
VF1VYRTY,VF1VYRTY0CC407404,
JX5042XXYXGA2,LEFYECG28JHN23428,
WDDNG5HB,WDDNG5HB6BA397656,
EQ1040TZ20D3,LGDTH81G9BA136124,
TV7250S3SP,LFMBE22D070080056,
ZK6608DMA9,LZYTGTB26C1024606,
3GYFN9EY,3GYFN9EY1BS650525,
BJ5048XXY-FC,LVBV3JBB5JY019294,
KLQ6125Q1,LKLR1KSL6AB553089,
JX5045XXYXGA2,LEFYECG29FHN32453,
VIOSGL-IECT,LTVBA433730019510,
LZW6390B3,LZWACAGA1A4204958,
CAF7200A1,LVSFBFMC75F050185,
DN6440-3,LDNL38RH720041761,
DHW6450B(CR-V 2.0),LVHRE2859B5011372,
HK6850G4,LJ16BU5F5F3004296,
BJ3313DMPKC-XB,LRDV7PEC1EL011968,
DHW6452(CR-V 2.4),LVHRE486085018725,
DHW6454B(CR-V 2.4),LVHRE4899A5000210,
JX5048XXYXGB2,LEFYECG22GHN44817,
BJ3045D8PEA-2,LVBV3PBB4GW003806,
DN6492L4PB,LDNF71YH5E0168104,
FXC5160XYKP62L4E4,LFNAFUJP8G1E21082,
JX1041TG24,LEFAECG22GHN51655,
WBAKB410,WBAKB4104BC917708,
DFL1160BX18,LGAX2A136F1013617,
BJ4183SLFJA-13,LVBV6PEB0AL023840,
SQR7150J150,LVVDB11B5BD178778,
JX5048XXYXGD2,LEFYECG22JHN35235,
SC6395CV4S,LS4BAB3D4BG197539,
ZK6845BEVG3,LZYTDGAW6G1026642,
WDCCB6FE,WDCCB6FE3BA124560,
THT9350TJZ01,LJRC12264A2011718,
ZK6117HA,LZYTATD69B1018170,
WBASN210,WBASN2108BC538724,
DFA1041S35D6,LGDCH81GXEA120275,
WBA1A110,WBA1A1107CJ140855,
THT5318GJB13A,LJ13R6EKXJ3306182,
JTHBG262,JTHBG262382013591,
BORA1.8T,LFVBA11J333024694,
BJ5313GJB-XL,LRDV7PEC3JH607421,
LCK6666EVG,LDY6GS566F1000012,
LZW1027C3,LZWCAAGAX92048392,
CA4250P66K24T1A1E5,LFWSRXRJ1J1F23629,
SC6443CV4,LS4ASB3R7BG133502,
SY6483N1,LSYBCAAA26K017425,
3GYFNFEY,3GYFNFEY3AS613781,
ZK6850HG2,LZYTDGC65G1026600,
YV1FS475,YV1FS4758C2123383,
BORA1.6AT,LFVBA11J733044804,
CA1160P62K1L4E,LFNAFUJM3D1E13683,
CA1163P9K2L4A3E,LFNAFRJK8A1E21155,
SY6483H1,LSYBCAAB18K015872,
WAURGB4H,WAURGB4H8CN022590,
THT9380TJZP,LJRP1237X82007708,
AH5256GJB6,LZ5N2CD31BB009465,
EQ1100TZ12D3,LGDTW91L4AB102013,
HFC1045P92K1C2V,LJ11KBBC9HF003646,
WMEEJ8AA,WMEEJ8AAXBK451180,
WDDHF5EB,WDDHF5EB4AA178519,
SC6443BV3,LS4ASB3R8AG115850,
EQ7200-Ⅱ,LGBC1AC0X3R002004,
BJ3252DLPJB-XB,LRDV6PEC2GL601246,
XML6125J18CN,LL3AHCHJXCA001417,
ZK6105BEVG6,LZYTBGBW9G1026283,
LZW1029BFA,LZWCAAGA4E7173532,
DN6441,LDNE38YP220042298,
KLQ6820GE3,LKLR1DS999C521999,
HFC1040P93K7B4,LJ11KBAB7F8509213,
HFC1043P91K6C2,LJ11RBBE7G8016136,
JF1BR96D,JF1BR96DXAG025998,
HFF6770GDE5B1,LJ166T5E2H3002983,
SH1042KFDCMZ,LSFGL21A2JD102928,
KLQ6850GAE5,LKLA1D197HA721885,
HFC5043XXYP91K2C2V,LJ11KBBD9J1914099,
KLQ6608E3,LKLS1AS42AA539765,
KLQ6601BEV,LKL1FBA99FB681788,
CA1167PK2L2EA80,LFNAFRJM89AC13791,
DXK1021TK10F7,LVZKN2196JC138598,
HFC1041P93K1C2V,LJ11RBBC8H6012446,
CA1250PK2L6T3EA80,LFNCRRKUXCAC14284,
CA1040P40K50L1E5A84,LFNA4LBA2JAX04091,
DFL1160BX7A,LGAX2A136A1044875,
KMC1042A33D5,LWU2DM2C8HKM05807,
SC1035DCGB5,LSCBB13E4HG611299,
DC716316V,LDC733L2730007029,
WBAWX510,WBAWX5106CL776733,
THT9355TWY,LJRC07272G2006583,
JTJBK11A,JTJBK11A0A2007971,
SC6363B4Y,LS4BDB3D9CF028213,
LZW1029SPFA,LZWCBAGA4F7100367,
JX5043XXYXGB2,LEFYECG23AHN14295,
WVGAB97P,WVGAB97P6CD045703,
SALVA2BG,SALVA2BG1CH661396,
EQ5041XXY8BDBAC,LGDCH91GXJA113634,
HFC1162K3R1GZT,LJ11R9DD5B8014455,
ZZ4187N3517C,LZZ5CCNC6AA493177,
KLQ6115QCE4,LKLR3HSH6CB594351,
ZK6128HGE,LZYTAGE62A1031735,
VIOS GL-I,LTVBA423850093586,
SQR7150A130,LVVDA11B2BD143988,
JTHKR5BH,JTHKR5BHXC2101049,
JX1041TSG24,LEFAFCG27GHN31849,
WAUAGD4L,WAUAGD4L2CD017758,
WP1AG292,WP1AG2923CLA69475,
JX1040TGA23,LEFAECG298HN25944,
CQ5256ZLJHTVG404L,LZFF25R42JD023150,
2.0,JN1CAUA33Z0166118,
ZQZ3163A1,LGGX2A146CF030205,
HFC1043P71K2C2V,LJ11KBBC0J8013038,
WDDHF4JB,WDDHF4JB1AA199179,
SC6363,LS4BDB3D07A145228,
SC6399D5Y,LS4AAB2D5FA620182,
VIOS GL-i ECT,LTVBA423750093479,
JM7CR10F,JM7CR10F3A0320949,
JNKAS15F,JNKAS15F2AM200260,
3D4PG6FD,3D4PG6FD9AT187558,
NJ6593ER6,LNVU1CA32BV101609,
SY6483A2,LSYHN7BF65K012132,
HFC1041K7T,LJ11KBBB7C9016782,
BJ5049XXY-C1,LVBV3JBB4HE019928,
EQ1150L12DF,LGDXWA1R2DB110512,
BJ3045D8JD5-1,LVBV3JBB7EW017189,
ZN6491E2G,LJNTFE2G34N00466,
WBAPF710,WBAPF7105BF100449,
1C4NJCAA,1C4NJCAA4CD600366,
SALAN2V6,SALAN2V63EA716562,
JTJHK31U962,JTJHK31U962003599,
1C4NJDAB,1C4NJDAB9CD581182,
1G6DF57T,1G6DF57T890146885,
ZK6105CHEVNPG35C,LZYTBGDS3J1018858,
SY6521X2S1BG,LSYAAAAA8CK033237,
CXQ9404TJZG,L0198RT32G0001129,
ZGT6718DS1,LJ166E4D2F2007950,
TV7180GL-i3,LTVBR22E160727112,
GTM7240G-NAVI,LVGBE40K48G210488,
DC7168A,LDC621L2470575120,
SY6450C8SBW,LSYAFAAK3GG241397,
CAF7152N,LVSHFAML9AN081177,
CAF7151BC4,LVSFDAAL0AN034699,
QCJ7200E3,LGXC16DG0A1038007,
BH6430MY,LBEJMBJB8BX257130,
HFC5041XXYP93K6C2,LJ11KBBC2G6016009,
BH7160CAY,LBEFDBFB0BY035013,
KMC1042DE3,LWU2DM2C5BKM03648,
BMW7202AS(BMWX1),LBVVZ1103CMA18070,
FV7281FCVTG,LFV5A24F7B3015165,
KLQ6796,LKLR1CSA5KA731554,
SGM7203SEAT,LSGVV52Z77Y066772,
CSA7180AB-DL,LSJW16G359J011866,
PDZ9400,LFTVM0004AAE00797,
LZW1029PYA,LZWCAAGA2JE668818,
LZ6430BQ4E,LGB32AE359Z004529,
SGM7166SX AT,LSGSJ82N25Y015402,
DFL5140XXYBX2A,LGAX2AG47E1013348,
DN7152LAJ,LDNB43AZ1B0363361,
WP0AA297,WP0AA2973BL015557,
ZK6660GF,LZYTGTB22A1012627,
XMQ6858Y,LA6R1DS96AB201825,
DHW6450(CR-V 2.0),LVHRE284485004491,
NJ6554BCM,LNYEBKA30GV302687,
NJ6484ACM,LNYFBKA32EV501807,
ZK6105HNG2,LZYTBGDF0E1015778,
DFH5160XXYBX2JV,LGAX2AG41H1023197,
BJ1042V9JB4-X1,LVBV3JBB8EE289191,
CA5250XXYPK2L7T3E4A80-3,LFNCRRLXXGAD14982,
HFJ1036DF1TV,LKHN21K29ACB00203,
CA5160XYKP62K1L5E5,LFNAFUKP9H1E26579,
HFC1071K1T,LJ11KEBC7A8011885,
JF1SH92F,JF1SH92F5BG224632,
WDDCF3BB,WDDCF3BB9BJ915279,
HFC1161P3K1A50S2V,LJ11R9CE2G3210366,
JTDBE30K600,JTDBE30K600197320,
SC6443D4,LS4ASB3R3BG135120,
HG7153(VTEC),LHGGD374052027004,
DFH5250XYKAXV,LGAX4C355J3017708,
SX4186GN361,LZGJLGM15FX018946,
SCT6703TRB53L,LFMHS5812CS009795,
SC6443NV5,LS4ASB2E7GG152279,
HFC1161K2R1HT,LJ11R9DD7B8006034,
WVGAV67L,WVGAV67L8AD020222,
JX1041TG25,LEFAECG22HHN38227,
KLQ6606XQE4A3,LKLS1AS44FA696785,
HFC3161KR1TZ,LJ13R9CD9DA005280,
KLQ6702EV,LKLS6BB82FA685536,
ZZ1047F3315E145,LZZ1BADBXHE615508,
BMW7251FL(BMW523Li),LBVNU39039SC33595,
XMQ5034XSW15,LA69BAA33JB506028,
SX4185TM351,LZGJDUM13AG005911,
CA1163P9K2L6E,LFNAFRJMXB1F13242,
SGM7180LSAT,LSGJV52P34S235374,
EQ6451PF,LVZZ53PB7GA509562,
HG7202A(ACCORD 2.0 i-VTEC M),LHGCM452878001997,
WBAFR710,WBAFR7107CC950850,
EQ1040T35D3AC,LGDTH91G2DB310473,
XML6745J28C,LL3BDCDE6CA011337,
LZW1029PFA,LZWCAAGA1D7105946,
ZLJ5250GJB2,LZZ5BLSE6DN821722,
NJ6543ER6,LNVU1CA39BV602268,
SC6443N5,LS4ASB2E6GG147431,
EQ6361PF10,LGK022K6XB9E26537,
AUDIA6L2.8CVT,LFVBA24B733013496,
WAUAFB8T,WAUAFB8TXBA069320,
DFL5253XXYAX1B,LGAX4C356E8002627,
SX3255BM354,LZGCL2M43AX036862,
KLQ6609G,LKLS1AS42CA592730,
KLQ6590E4D1,LKL1AAA66EB651127,
JX5044XXYXGA2,LEFYECG21HHN36161,
ZK6809DX5,LZYTETC25E1025222,
BMW7200LD(BMW318i),LBVPS3100ASD34706,
DFH1160BX1JVA,LGAX2A133H1023816,
TRUAFB8J,TRUAFB8J5A1012223,
JTEGD54M,JTEGD54M3EA043368,
JF1SH52F,JF1SH52F6AG149060,
KLQ6115HQ,LKLR1FSF9AB554898,
XML6103J23,LL3BGCDGXBA001689,
KLQ6109K,LKLR1FSF6KA731527,
SCT6700RZB53L,LCUFM53813S003726,
LZW6456JY,LZWADAGA1G4083628,
TZ5317GJBZN8E1,LZZ1BXSD7HN213372,
HFC1045P82K1C2,LJ11KBBC9G1041454,
YV1MK434,YV1MK4349C2275225,
DXK6440AF1,LVZA42F92EC522892,
XMQ6120C3,LA6R1HSJ4CB300969,
JX1041TSG25,LEFAFCG28HHN44739,
WVWLR57N,WVWLR57N1CV039270,
SGM7181LE AT,LSGJU82P17H058216,
KLQ6109GCHEV1A,LKLC3G2A3CC610406,
JNKDV61E,JNKDV61EXDM340009,
NHG9378TJZG,LJT93VRJ9G0014208,
BYN5020XXYBEV1,LE93ACAC9HAL3H026,
SC7139A4B,LS5A3ABR8CA503123,
HFC1048P71K1C2,LJ11RBBC8E8002581,
WDCDF5GE,WDCDF5GE3EA380025,
DFL5160XLCBX1A,LGAX2BG47F8012165,
LZ6501BQ7LE,LGB2AAA369Z006455,
JX5066XXYXG2,LEFYECG30CHN21698,
SC6443KVA,LS4ASB3R4EG191507,
THT9401TJZP,LJRP1237492010685,
WMWSU310,WMWSU3108BT021593,
HFC1043P91K1C2V,LJ11KBBD2J1914977,
NJ5046XXYNS,LNJSBAA36CV602563,
WBAPC710,WBAPC7109AWK21234,
DFA1041S30D4,LGDCH71D1EA124053,
SY6482A2,LSYHN4AFX5K001795,
WDCDA5HB,WDCDA5HB0CA060547,
WDDDJ5EB,WDDDJ5EB5AA172726,
KLQ6129GCE4,LKLR3KSF7DC620298,
1J4NF4FB,1J4NF4FB0AD669233,
CA1163P9K2L4A1E,LFNAFRJK4A1E11240,
DHW6456(CR-V 2.0),LVHRE182885002588,
CA5189XYKPK2L5E5A80,LFNAHRKU6JAC06609,
WL5312GJBBJ39,LRDV7PEC3JH606673,
EQ6360PF7,LGK022K60B9L30669,
WDCBB8GB,WDCBB8GB4BA717873,
DFA5041XXY39D6AC,LGDCH91G4EA125249,
SC1031DS42,LSCAB33D3EE503617,
ZK6102NX2,LZYTCTD9XD1046518,
EQ1090TZ12D5,LGDTU91P0AB113616,
BJ7181A (C 200),LE4FTL8Y68L020755,
BJ5049XLC-BB,LVBV3JBB3GJ040503,
CA4163P1K2EA82,LFWNFULB9DAC15232,
CGJ5071ZYSE4,LWLDAA1G1FL045926,
HFC1041P92K1C2,LJ11RBBC4E9010512,
ZLJ5239JQZ16H,L5E5H3D26BA018145,
BJ1159VKPEK-FA,LVBV5PBC8DJ042913,
HFC1045K103,LJ11KBBC3A8014569,
BJ1043V9JEA-SB,LVBV3JBB5DE174580,
SCT6702TRB53LEX,LFMES58117S000823,
QL1070A1KA1,LWLNKA1G0GL093405,
JTEGS54M,JTEGS54MXBA009784,
WAU8FD8T,WAU8FD8T6BA042531,
DFL4251A9,LGAG4DY32C3006097,
HG7132A(i-DSI CVT),LHGGD182772000077,
WBALM310,WBALM3102BE454285,
EQ6410LF10,LVZZ42P96GA508364,
QL5020XXYBWWR,LWLTFABW1JL016244,
CA5160XXYP62K1L5A2E4,LFNAFUJPXG1E31404,
HFC1040K2WT,LJ11KBAC7B9036667,
CSA7180AA-DL,LSJW16G6X8J031863,
EQ1040GZ20D3,LGDGH81G8BA173313,
BMW7250GD(BMW325i),LBVPH18099SC21342,
HFC1045P92K3C2,LJ11RBBC5G6517472,
BORA1.8TAT,LFVBA21J223023797,
DFA1080S12D3,LGDCSA1L2FH108474,
AUDIA6L1.8TAT,LFVBA24B743024693,
BMW7251AL(BMW523Li),LBVNU15007SB37785,
KLQ6125B1CE4,LKLR3KSL1CB596834,
SC7150E,LS5W3ADE5CB019114,
JX5044XXYXGS2,LEFYECG20JHN34701,
CA5040XXYP40K50L1E5A84,LFNA4LBA5JAX00603,
BJ1049V9JDA-A1,LVBV3JBB5HJ026314,
DFA5040XXY20D5AC,LGDCH91G0GA110461,
JX1030TSGA4,LEFADCG19GHP11976,
HG7131A(i-DSI),LHGGD652382007434,
ZK6107H,LZYTBTD62A1015400,
ZK6100HNGA9,LZYTCGDF9B1036296,
SALSN2F4,SALSN2F47CA738711,
HFC5048XXYP71K1C2,LJ11RBBC0E8011856,
CGJ5169ZYSE5,LGAX2B13XG1018858,
DFH5180XYKBX2JV,LGAX3AG41J1018391,
CA4185P1K2E5A80,LFWNHUNC2JAC09591,
CA1169PK2L2E4A80,LFNAFRJM9GAC03588,
DFL4251A10,LGAG4DY33D3005607,
EQ1031S15QE,LGDCF31E2JA108316,
FLM5060TSL,LWLDARHG4DL050149,
BJ1049V9JD6-AA,LVBV3JBB3FE020419,
LZW1025L,LZWCAAGA372079853,
ZQS5070TQZWP,LWLDARHG2AL041154,
SC1031GDD52,LSCABN3R4JE239597,
DFL5160XXYBX8A,LGAX2AG43A1013583,
FLM5070TSLQ4,LWLDAA1G1EL049697,
ZZ5047XXYF3315E145,LZZ1BAFB8HE663196,
BMW7301GL(BMW528Li),LBVFR1901BSE25906,
A6L1.8T,LFVBA14B933019942,
CA4250P66K24T1A4HE,LFWSRXRJ4D1F25136,
SVW7144LRD,LSVWV49J7C2015289,
CA4206P1K2T3EA80,LFWRKUMF6AAC26845,
JX1042TG25,LEFAECG20JHN35218,
VIOSGL-I,LTVBA433140068512,
WMWMF310,WMWMF31078TT76573,
NJ5044XXYQC,LNYPBAA31EV501263,
KLQ6123K,LKLR1FSJ4JA730363,
KLQ6116XQE3,LKLS1ESA7CB593962,
HKL5041XSWCA,LJSKA3BG5GD002967,
LZW1029SBFA,LZWCBAGAXC7110123,
CA1250PK2L7T3EA80,LFNCRRKX6DAC16884,
WDDPK4JA,WDDPK4JA5CF028388,
YV1DZ995,YV1DZ9954A2112648,
WAUAYC8P,WAUAYC8P6BA147661,
WVWCR57N,WVWCR57N2CV028360,
CA1160P62K1L4A1E5,LFNAFUJM7J1E08904,
SC6395CS,LS4BAB3D59G075931,
HFC3040KR1Z,LJ13RBAC1GA001438,
THT9352TWY,LJRC12272H2013244,
YV1FS445,YV1FS4455B2035734,
HFC1040P93K8B4,LJ11KBAC9D8599843,
JX1045TG25,LEFAECG24HHN41162,
KNAHH811,KNAHH8114B7359005,
HFC1043P71K1C2V,LJ11KBBD8G8029652,
SLK6118ALE0BEVS6,LJM2GCDC7JAS01365,
DFH5180XXYBX2JV,LGAX3AG4XJ1019734,
DFA1041S39D6,LGDCH91G6FA111368,
HFC1161P3K1A50S3V,LJ11R9CD7H3503740,
ZN5035XXYU5K5A,LJNTGU5Y9JN107738,
AH5313GFL,LZ5N2CE57CB006314,
HG7240(ACCORD 2.4 i-VTEC),LHGCM566152037313,
HFC5041XXYP93K5C2,LJ11KBBC7G8572773,
WAUAYA8X,WAUAYA8X1CB061013,
HFC4252K4R1T,LJ18R4CJ7AF010426,
ZZ4256V324HE1B,LZZ7CLVB2JC248610,
CA5041XXYK26L2-3A1,LFNA4LB969HA27302,
KLQ6756XQE4A,LKLS1CS5XFA685990,
HFF6100LK10D,LA86E0MC6AA202205,
BJ6400L3RMB,LNBMDLAA0GR868264,
DFH1180BX3JV,LGAX3A132J1020666,
SC6406AYA4,LS4AAB3R6EG137094,
CA4250P66K2T1A1HE4,LFWSRXPJ5E1F16269,
DFL1250BXA,LGAX4B344B1013955,
HFC5043XXYP91K1C2V,LJ11KBBC0J1712985,
XMQ5030XXY,LKLSBAS31BB501461,
KMC1041D3,LWU2DM2C6AKM06203,
ZK6119DX51,LZYTBTC25H1026092,
HFC1110KT,LJ11KTCD7A1026326,
YV1LFA2D,YV1LFA2D8G1086058,
JX5046XXYXGA2,LEFYECG22AHN25756,
ZK6127H,LZYTATE65A1014176,
BJ5049XLC-A5,LVBV3JBB6HE023396,
WPZ9401TPB,LA99HRP37GCTTY016,
ZJV9403TJZQDX,LJRC14389J6000198,
HFC1071P92K1C2,LJ11KEBC1G6501078,
CGJ5126ZYSE5,LGAX2A127G1011416,
DFL5160XXYBX8,LGAX2AG4291006328,
WVWCS57N,WVWCS57N3GV245202,
LZW6450PY,LZWACAGA4G7055100,
CGJ9401GJY01,LHN02E00XE1000109,
ZLJ5063TSLE3,LWLDARHGXBL048970,
BMW7251JL(BMW523Li),LBVPZ3103ASD83619,
LZW1027NF,LZWCAAGA0B2052067,
KLQ6602,LKLS1AS4XCA590384,
SYB9400JP,LA93PNS86B1BLZ079,
XMQ5030XXY4A,LA61BA138CB508017,
JM7CW09F,JM7CW09F6C0110595,
FXC5160XXYP62L4E4,LFNAFUJP9GAA00097,
NJ5041XXY-DBFZ2,LNYADDA21AKT03125,
WVGEH35N,WVGEH35N1BW113942,
BJ4259SNFKB-AA,LRDS6PEBXJT002452,
CA5160CCYP62K1L4A1E5,LFNAFUKM1H1E12424,
BJ5049XXY-AA,LVBV3JBB2GE022650,
SX3250MB4041,LZGCL2R42JX043553,
CA1169PK2L2E5A80,LFNAFRKM7JAC12800,
HFC1042K19T,LJ11KBAB6AC013969,
LZ1163RAP,LGGR2A138DL806823,
CGJ9401GJY,LHN02E003C1000191,
THT5316GJB11A,LZZ1BXSD2GN128003,
SX4250MB4W,LZGJLGV44JX036226,
JE4NR52M,JE4NR52M7AJ003522,
ZK6809HC9,LZYTETC65D1033533,
SYC5030XGJ,5TFDY5F18FX463320,
SVW71612GH,LSVNY4BR0HN100533,
JX1040TG24,LEFAECG25EHN31557,
DFH5250XXYAX1V,LGAX4C351G8010038,
HFC5041XXYK7T,LJ11KBBB8D6025672,
CA5118XXYPK2L2EA80-3,LFNABRCK2CAC14045,
BJ1030V5AB3-S,LVAV2JABXCE328577,
DFL5253XYKAX1B,LGAX4C355F8011711,
CA6371A4,LFB0C1343B6F11822,
THT9407,LJRB13382H2040548,
SVW6440NBi,LSVRC21T982455672,
CAF7151AC4,LVSFDFAL5AN035649,
ZK6127HA19,LZYTATE66B1011675,
SVW6440NBD,LSVRE21T172238755,
FV7142TXG,LFV2A1156B3538976,
DFL5140XXYB18A,LGAX2A131G1015969,
DC7164AB,LDC931L3180777935,
KLQ6119QAE3,LKLR1HSF08B002261,
GTM6481AD,LVGDC46A1CG192246,
DC7166DBA,LDC611L37B1588698,
HG7133A(i-DSI),LHGGD172872022168,
JX1020TSD4,LEFADCD15EHP21826,
BJ1049V9PD6-AA,LVBV3PBB5EE025140,
JF1SH95F,JF1SH95F5AG148629,
HFC1042P94K1B3,LJ11KBAB6EC007112,
DFL7180AC,LGBJB3E739Y008185,
SGM7121AMT,LSGSA62S0AY091558,
DN6442B,LDNB38YHX30064515,
CAF7180A31,LVSHCFAE59F375628,
YQZ7164AE,LJDDAA123B0049277,
EQ1041S72DC,LGDCH81C3BA136410,
BJ6536B1DAA-S1,LVCP2CAA29B007372,
SGM7307ATA,LSGDE53B0BH168307,
LZW6376CV,LZWACAGA184087487,
SC6395CVS,LS4BAB3D3AG079576,
LZW6390AF,LZWACAGA6B4168735,
HFC1042K5T,LJ11KBAC8C6036597,
BH7160MW,LBEXDAEB26X306343,
CA4258P2K2T1EA81,LFWSRXNHXBAD17441,
SC1031FRD52,LSCABN3E3JE265203,
JX1041TPG25,LEFAPCG24JHN20957,
BJ5049XXY-F6,LVBV3JBB8EJ036816,
SGM7167CWAT,LSGJR82U28H020342,
CA1081P40K2L2E4A84,LFNA8LCC0EAC15914,
CH7161,LVFAC2AD97K002600,
BJ6516B1DWA-S,LVCB1DWA2AB020199,
TV7162GL-iM,LFMAP92A080005914,
SGM7161TATB,LSGPB54E3BS176533,
SVW7144BRi,LSVGM29J382030360,
SGM7143MT,LSGSA62MXBY182436,
KLQ6129QAE3,LKLR1KSL89B529923,
BJ1030V4AV3-X,LVAV2AVB6DE105187,
WMWSR310,WMWSR3103CT292046,
HFJ7161,LKHAJ58M25AA00365,
WDCCB5EE,WDCCB5EE9AA102735,
AH5310GFL0L5,LZ5N2CE54JB007644,
XZJ5040JSQL5,LEFYECG25HHN38351,
SY1044DZ7AL,LSYCJD4R2CH066081,
HFC1041P93K6C2,LJ11KBBC2F6019488,
HFC5161XXYPZ5K1E1F,LJ11R9DE3F3209014,
CXQ9540TJZP,L0198GT3040001274,
1C4NJDCB,1C4NJDCB5CD628690,
BQ6471Y2A,LTA6G13B531001928,
CA7202AT,LFPM4ADP881A28222,
CA1313P2K2L7T4E5A80,LFNFVXNX3JAD21077,
SVW7186CJD,LSVNS41Z0B2514620,
LZ6460Q8GE,LGG193GA14P007176,
JX6490TA-M3,LJXCMCDB69T050574,
BMW7200AA(BMW320i),LBVVA96026SA62995,
HFC1120P91K1D1V,LJ11RVCD3J1908939,
DHW6494R7ARE,LVHRR7898E5010464,
WDDNG5GB,WDDNG5GB3AA325622,
ZJV9371TJZ,LJRC1637391003965,
SCT6703TRB53LEX,LFMES5816BS012958,
SQR7100S187,LVVDB12B1AD013856,
CGJ5168ZLJ,LGAX2B132F8008671,
ZK6117H,LZYTATE6681004914,
SX3316HR346,LZGCR2R69EX032586,
ZB1043LDD6F,LA71AKH43G0000476,
SALFA2BG,SALFA2BGXCH296673,
HFC1080K5T,LJ11KFBC2A1021710,
AKL9388TJZ,LF59DGD36H0P01221,
WVWS1313,WVWS13137BV036600,
CQ3316HTVG366L,LZFF31T67HD010680,
BMW7251CL(BMW523Li),LBVNU39088SA96796,
WVWHZ59C,WVWHZ59C5BM007265,
JX1040TSG23,LEFAFCG219HN09509,
AUDIA6L2.4AT,LFVBA24B213010907,
JTDBE30K800,JTDBE30K800317182,
ZCZ9400TPBH,LZ1B23GE3J0002884,
EQ5041XXY72DCAC,LGDCH81C2BA141338,
BJ5101VDCFD-S,LVBV4PBB3CE038222,
SY6480A1C-ME,LSYGN4AF94K028397,
JN1CAUA33Z0,JN1CAUA33Z0180875,
SLK6112F5G3,LFZBGCDH5BAS01063,
JX5041XXYXGF2,LEFYECG22BHN26973,
CLW5070ZYS4,LGDCN81G4EA114464,
SGM7180LEAT,LSGJU52P54S259386,
EQ5040XXY19D3AC,LGDCH81G6BA177424,
CA5160XYKPK2L5E5A80,LFNAFRKPXHAC09927,
HFC5043CCYP91K2C2V,LJ11KBBD8JF003569,
NJ6606SFF6,LNVA1CA39AV500180,
JF1SH94F,JF1SH94F89G027185,
JX5044XXYXGQ2,LEFYECG22HHN18445,
LZW6442KAY,LZWADAGA8GD002060,
SY6480A1B-ME,LSYGJ3AF52K047905,
JM7BL04Z,JM7BL04Z0A1160423,
WDCCB6DE,WDCCB6DE1GE003593,
ZTP5073ZZZ,LNYAEDA34GK601005,
JX5041XXYXSGA2,LEFYFCG22DHN25550,
KLQ6116TE3,LKLR1FSD29B521736,
HFC1041K7R1T,LJ11RBBB6C8505479,
LZW6415BQY,LZWACAGA3GC045522,
CA4256P2K2T1E4A80,LFWSRXPH2FAD08574,
QL10202DWR,LWLTFA2D3EL014841,
EQ4163W3G,LGAG3CV23BL002048,
QL5070XXY3KAR1,LWLNKR3V1FL070496,
LZW6510TY,LZWACAGB0G9017814,
JNKDJ05E,JNKDJ05E5BM414906,
WAUAYD4L,WAUAYD4L1AD021701,
DFA1091S13D3,LGDCUA1L4FA135257,
SLA5251GJBDFL6,LGAX4DS3973015104,
SH6592A2D4,LSKG5GC15EA223823,
EQ1100GZ12D3,LGDGW91L5BB110849,
KLQ6935GCE4,LKLR3DSB5CC591780,
BJ6400L3R6B,LNBMDLAA0GR874808,
WAUAFB8F,WAUAFB8F1AN023957,
QL5042XXYA6HAJ,LWLDMA6G5JL044996,
CA5047XXYP40K50L1E5A84-3,LFNA4MBAXGAM13921,
NJ5045XXYS,LNJDBAA37BV400712,
DHW6454(CR-V 2.4),LVHRE488785018819,
HFC1091K1T,LJ11KRCD0B3003642,
ZK6859HE,LZYTDTC60A1014385,
BMW7200AD(BMW320i),LBVVA96067SB19300,
NJL6600BEV3,LB9KB4EC5EENJL358,
DFL5160XXYBX2A1,LGAX2AG41G1006611,
CQ3256HTVG404L,LZFF25R41JD019333,
KMHHT61D,KMHHT61D8AU031744,
WVWR261K,WVWR261K0CW151555,
XMQ6128Y2,LA6R1HSL19B103252,
HFC1141K2R1T,LJ11R9CD2A1023638,
FV7160GIF,LFVBA11GX43056032,
EQ1041S3BDF,LGDCH91G5HA141495,
DFL4181AX5,LGAG3DV20A2005967,
BJ5169XXY-FE,LVBV5PBCXFJ048618,
BJ1043V9PEA-SB,LVBV3PBB2DE158775,
EQ1041S7BDF,LGDCH91G7JA115177,
XMQ6126Y3,LA6R1HSJ38B101273,
WL5310GJBZZ38,LZZ1BXSD9JN382640,
CGJ5065GJY,LEFYECG389HN20792,
SALFA2BA,SALFA2BA2AH165455,
SAJAA06H,SAJAA06HXAFR71831,
CA1250PK2L7T3E4A80,LFNCRRKX6EAC13839,
QL5070XXYA1KA1J,LWLDAA1G9GL093661,
HFC5045XXYP92K1C2V,LJ11KBBC7G6025160,
CGJ5120TCAE5,LGAX2A122J1007183,
CA5160XXYP62K1L5A1E4,LFNAFUKP3D1E39984,
JE3AS29W,JE3AS29WXAZ007059,
CLW5060ZLJ3,LGDCM81G4CA127330,
BMW7250AD(BMW325i),LBVVB590X7SA77358,
DFA5090XXY11D5AC,LGDCUA1PXFH107747,
ZCZ9402TJZP,LZ1B23GE2A0005730,
HFC4181P1K5A35S7V,LJ18R2BJ4H3210259,
WBSGY010,WBSGY0107BLK11809,
THT9402TWYA,LJRC12389H2015161,
LZ6470AQ3S,LGB1AAE3X7Z004940,
BMW7301KL(BMW535Li),LBVCU7105CSE83728,
YV1DZ445,YV1DZ4454B2211532,
CA1163P9K2L4E,LFNAFUCM4C1F18700,
BMW7200FD(BMW320i),LBVPG96039SC13046,
EQ5181XXYLJ9BDK,LGDXWB1X6JH115760,
BMW7250LD(BMW325i),LBVPS7102BSD73127,
BJ3258DLPJB-24,LRDV6PECXDT011999,
BJ5043XXY-A1,LVBV3JBB0EE184869,
WMEEJ3CA,WMEEJ3CA1BK454226,
DFL1100BX7,LGAX1A134F1013862,
ZK6129HG,LZYTAGD60A1016765,
XMQ6129Y8,LA6R1HSL5CB102161,
ZK6119HNQ6Y,LZYTBTEF3C1064185,
LZ6510AQ3S,LGB2AAE308Z002068,
HFC5043XXYP71K2C2V,LJ11KBBC4J1309950,
WDDLJ5FB,WDDLJ5FB7CA045845,
WBA2D310,WBA2D3101G5C51667,
BJ5257XXY-XA,LRDV6PDC9JL609420,
BJ5049XXY-BF,LVBV3JBB2HE163896,
HG7152(VTEC CVT),LHGGD384852035172,
KMC1042PE3,LWU2PM2C5BKM05861,
SX5316GJBDT366,LZGCR2T66GX022481,
DFH4251AX4AV,LGAG4DY36H8018196,
JX5044XXYXGW2,LEFYECG27GHN32498,
HFC1041K63,LJ11KBBB1A9013826,
EQ1160L13DG,LGDGWA1T6AB118653,
JX5060XXYXG2,LEFYECG34AHN32734,
AUDIA6L2.4CVT,LFVBA24BX43011419,
JX1041TPG24,LEFAPCG22EHN43823,
YKH9380TJZP,LA9VMTEG5AGYKH340,
SGM7301GL,LSGWL52C32S170807,
NXG5251ZLJW5,LC1HMMBF8J0001867,
CA4182P21K2AE,LFWNHXMCXB1F32436,
JX5047XXYDLA2-H,LJXBHCHD8CT060154,
DFA1041S20D5,LGDCH91G4FH107648,
JX1042TG24,LEFAECG28GHN32141,
NJ5022XXYPBMBNZ,LNYADD229EK503514,
CA1045P40K2L1E4A84,LFNA4LBA8GAM13670,
CA1160P62K1L3E4,LFNAFUJMXF1F09359,
CA1044P40K2L1E4A84,LFNA4LBA3FAM03692,
BMW7251GL(BMW525Li),LBVNU79059SB81698,
JX5049XXYDL-M,LJXBMCHC1FT042053,
WDDNG9FB,WDDNG9FB6CA474618,
WVWSR313,WVWSR313XAV436254,
HFC1041P93K4C2,LJ11KBBC8F8513777,
LZW6391BQY,LZWACAGA0GC330050,
HFC1045K93,LJ11KBBC7A8014042,
KLQ6856QE3,LKLR1DSA0CA594613,
NJ5044XXYC,LNYPBAA32EV403052,
HFC5161CCYP3K1A50S3V,LJ11R9CD7J3508717,
FLM5152GQX,LGAX2BA24A1015534,
CA6430M,LH16CHH022H005001,
CA5081XXYP40K2L2E4A84-3,LFNA8LCE1EAC11971,
DFA5041XXY35D6AC,LGDCH81G5HA110824,
DFL5160CCQBX,LGAX2B131D2004109,
ZZ4256V324HE1W,LZZ7CLVB6JC247962,
DFA5041XXY11D2AC,LGDCH91G8GA118419,
HFC1040K5WT,LJ11KBAB6DC009148,
BJ3259DLPKE-AD,LRDV6PEC4JR009979,
BJ5043V8BEA-S9,LVBV3JBB9DE508769,
SCT6705GRB53LEXB,LFME5581XGS008121,
JNJ7000EVX9,LJ8E3A5M3GC000286,
CA1189PK2L2E5A80,LFNAHRKM3HAC05492,
1C4NJCCA,1C4NJCCA7CD645699,
CC1021DAD02,LGWCA21A1CC000922,
1C4NJRAB,1C4NJRAB2CD582235,
FV7160CIF,LFVBA11G543044743,
HQG5101GJYBJ3,LVBV4PDB4BE017598,
JTHGM46F975,JTHGM46F975014786,
WDDNG87X,WDDNG87X38A278096,
XT5250GJBZZ43G5,LZZ1BLSF4JN387142,
WDCGG8HB,WDCGG8HB0BF618184,
HFC1161PZ5K1E1AF,LJ11R9CE9F3210864,
BMW7200PD(BMW318i),LBVPS3109BSD98891,
DN6440-Ⅲ,LDNL38RH430049477,
EQ5100XXYG12D6AC,LGDXWA1R29B109397,
SDZ5257ZLJE,LZZ1ELSD1JA278151,
KLQ6858Q,LKLR1DSC7JA728774,
VIOSGLX-IECT,LTVBA423940069179,
SY1035DW2ZA,LSYFJD3M7JH000514,
SLFKDC7161ETC,LDC353E2320010627,
EQ1041S72DB,LGDCH81A5BA142188,
JX1021SW,LEFADPD183P024385,
ZK6118HQY8Y,LZYTATE67F1025543,
NJ1041DBFZ2,LNYADDA2XAK600152,
SC6408D4Y,LS4AAB3R9BA963310,
HFC1081P91K2C5,LJ11KFBD4F1013835,
HHT9404GRYA,LA99CG404J2HTT266,
NJ5041XXY-DBFZ3,LNYADDA28BK402266,
KLQ6109GHEV1,LKLR1FS94BC577916,
HFC5161XYKP3K1A57V,LJ11R9DD6H3503291,
HFC4181P2K4A35F,LJ18R2BH3E3309891,
DFH5160XYKBX1JV,LGAX2A134J1018226,
SX4250XC42,LZGJL4Y42JX046537,
JF1GP26D,JF1GP26D8CG017548,
DD6610EV12,LDD85B021F0005368,
ZK6852HG,LZYTDGC6XA1014255,
EQ1080S20DD,LGDTR81K3CB127366,
HFC1040P93K1B4V,LJ11KBAC8J8514163,
NJ5046XGC2NS,LNVX1CA37CV101023,
LZW6330EI3,LZWNBCH1721062892,
BJ1032V4AV5-B5,LVAV2AVB6HE307002,
FXC5160XXYL4E,LFNAFRKP29AC17666,
1J4NF5FB,1J4NF5FB8AD561822,
XZJ5220JSQJ4,LFNCMULX9E1F13939,
LZT5161CXYPK2E3L1A95,LFNAFRJL0BLA06135,
CA4250P66K2T1A1HE,LFWSRXPJ2C1E11251,
HFC5043XXYP91K5C2,LJ11KBBC0G6506819,
KLQ6119GAC5,LKLC3H1F3EC650068,
WBAVL510,WBAVL5109BVR06918,
WVWST23C,WVWST23CXAE540042,
CGJ5083ZYSE5,LEFYEDG4XGHN76986,
WDDNG7GB,WDDNG7GB7AA328695,
WV2D887H,WV2D887H5EH129687,
TZ5317GJBZN8D,LZZ1BXSD4EN893629,
HFC1030K3T,LJ11KAAC0AC002386,
SC1031GDD53,LSCABN3R0GE606276,
CLW5250XRYL5,LGGR4C353JL517008,
ZB5043JSQD,LA71AKG40D0048000,
BJ5049V8BD6-SB,LVBV9JD628J016130,
EQ1080S19DC,LGDTR81G3BA134625,
ZK6109DX5,LZYTCTC28E1027407,
ZK6852HGA9,LZYTDGC61D1034611,
NJ1052DCHZ1,LNYAEDA26AK502281,
WBAPH110,WBAPH1107AA639755,
BJ1163VKPFG,LRDV5PDB3DH004892,
CHM4250KPQ49V,LS1D364D8G0004735,
WBAFG410,WBAFG41049L339736,
AH5253GJB4,LZ5N2CD387B004061,
HFC3040P91K1C7V,LJ13RBBD0H8014147,
BJ5099CCY-FF,LVBV4PBB4FJ039066,
HFC1030PV7E2B3V,LJ11KAA12H6007693,
HFC1043P91K4C2V,LJ11RBBD4J1713612,
BJ1040P1S4,LHBPA1TF1CN208098,
HFJ1027DA1TV,LKHN21H28BC000678,
HFC3164KR1Z,LJ13R9CD8EA002100,
BJ1169VKPEK-F2,LVBV5PBC8FJ014578,
ZK6125BEV1Z,LZYTATBW0G1025082,
SQN5070ZYS,LWLDARHG99L015064,
SGM7301GS,LSGWK52C12S222258,
1G6DM57T,1G6DM57T270165290,
NJ1022PBGBNZ,LNYADDB26EK701189,
KL1DC53F,KL1DC53F19B282700,
BJ1049V9PDA-AA,LVBV3PBB4EJ018770,
AUDI A6L 2.4AT,LFVCA12B8Y3003228,
WBAUC510,WBAUC5103BVP99649,
JN1AE25E,JN1AE25E0G9130486,
QL5050X8HAR,LWLNKR8V2BL051829,
HFC5120XXYKT,LJ11KTBD5B1021080,
BJ1163VKPGG-2,LVBV5PBB6BH009341,
ZQ6380A62F,LJPSBA114AB030822,
HFC5040XXYK8T,LJ11KBBC5A6022393,
NJ6494ACMZ,LNPHCSAG9EV501185,
YTQ1030WD5TV,LYTCASB11CZA00076,
AH5311GJB4,LZ5N2CE57DB008680,
XT5310GJBZZ38G5,LZZ1BXSD9HN056072,
EQ6381LF13,LGKG32G74C9409163,
FV7162FATE,LFV2A21J183017658,
XZJ5051JSQL,LEFYECG399HN21143,
YTQ1036WF1TV,LYTCASA16CZ100110,
CLW5162GPSD5,LGAX2A131G1025059,
JX6600D2-H,LJXBHCHD1ET032165,
SLK6872F23,LFZBECDH0BAS02725,
CA1041K26L3E4-1,LFNA4LBA5DHA15614,
LZW6330EIL,LZWNBCH1421078208,
JX5041XXYXA2,LEFYECA28BHN35847,
ZK6906H5Y,LZYTDTD68H1014935,
BJ1036V4AA4-Y3,LVAV2AAB3GE357831,
QL5100XTPAR,LWLNRRTX69L011090,
QL10403HAR,LWLNKR3G2GL053659,
SY1043DLCS,LSYCKD4S6CH034217,
KNAHU812,KNAHU8121E7075209,
HFC5042XXYK22T,LJ11KBABXC8505216,
WVWFV73D,WVWFV73D6B8006375,
JX1040TSGC23,LEFAFCG2XDHN43991,
WBAVM910,WBAVM9109CVT66136,
ZK6609DX6,LZYTGTB25E1029217,
DFA1161L10D7,LGDXWA1T8FH108727,
DN7154HS,LDNB43AZ1C0427612,
FXC9401XYK,LFTWWXYK9EXA00122,
ZZ4186N3516C,LZZACCNC3AW498533,
DHW6457B(CR-V 2.0 M),LVHRE1734B5023102,
HFC6500A1F,LJ16AA335B7039353,
NJ5044XXY3C,LNYPBAA33GV501381,
BJ6400V3R,LNBMCVAA1DR260165,
BJ5169XXY-F1,LVBV5PBC3GJ025148,
SC1031DD42,LSCABN3D5EE047860,
JX5048XXYXG2,LEFYECG21FHN66757,
BJ5103VECFA-S,LVBV4JBB4AE403663,
NJ6604AC,LNYFBKA39GV402131,
AKL9405,LF59DLD3091091157,
JM7CR10F280,JM7CR10F280303232,
WBAHN210,WBAHN210X8DU10420,
ZJV9401TH,LJRB1338XE2009592,
ZK6770HGA,LZYTEGC66A1014315,
ZZ4257N324GD1,LZZ1CLNB4GW142897,
QL10703HAR,LWLNKR3G3HL080239,
DXK1021TKF9,LVZKR31B5JC119702,
CXQ9402TDP,L0198GT3070002753,
BJ1049V9PEA-KS1,LVBV3PBB3DJ009928,
YH5075TQZ02P,LWLDARHG1DL043921,
NKR77PLNACJAX1,LWLNKRHVXCL062742,
EQ1021TF53,LVZKN2192GC131835,
DN7161P3B,LDNP4LFE9A0255080,
CC1021PA0J,LGWCA2199JB003611,
FV7184AT,LFVBB21J943000923,
CSA6472AC,LSJW34G36CG034446,
HFC1040K4R1WT,LJ11RBAB8CC013549,
ZK6100HD9,LZYTBTD64B1027209,
CC7130SM00,LGWED2A359E012702,
XMQ6520E3,LKLSBAS349B500234,
SY7162VS,LSYYBACA97K114021,
CAF7151NC4,LVSFDAML7AN033769,
SC6378A3S,LS4BDB3D8AF060082,
2HHYD283,2HHYD2837BH202900,
SC1027SC4,LSCAB23R2FG111868,
DFH5160XXYBX1B,LGAX2BG44G1016197,
DC7161ETC,LDC353E2820016729,
SVW71410AR,LSVCA2A43CN042321,
KLQ6770GE4,LKLR1CS93EC649630,
HG7133,LHGGD172X52013260,
FV7184AT(Golf),LFV3B21J063014135,
EQ1031D50Q6,LGDVF31G4HB505685,
SVW7202FQi,LSVJW133462087264,
LZ6431BQEE,LGG8D2D18CZ034244,
SVW7182LFI,LSVJJ133742185653,
LZ1250PCS,LGGX4B352AL503246,
SY6483H3,LSYHDAAB98K092299,
TV7250,LTVBJ874060006046,
MR7131D,L6T7524S8AN057141,
1G6DZ5EG,1G6DZ5EG8A0135094,
CAF7132B,LVSHFAAA59N011917,
DN6460H,LDNHBAPK790000751,
CA6371,LFB0C143076F05327,
CLW5111GSST3,LGHXBD1H4D6605077,
DN7181H,LDNH4GFT7B0052961,
CA7257AT,LFPM5ADP3A1F34737,
ZK6809DX7,LZYTETC23E1043881,
BJ6470BKV1Z,LNBMDBAF8GU036058,
FV7162FE,LFV2A11J483021021,
LZW6410PY,LZWACAGA5GA015952,
SY5310GJB1,LFCDKF6P3D1003236,
HFC5041XXYP93K4C2V,LJ11KBBC0H9008409,
ZK6729DX5,LZYTETB25F1039009,
TV7181GLX-iM,LFMARE0C380077696,
SY5415THB,WDANHAAA26L182919,
CA4140P62K1E4,LFWNDULB7G1E20185,
GTM7160LVCE,LVGBU87E5GG197968,
WDB1400331A,393036,
BJ1042V9PB5-S,LVBV3PAB19E530146,
DC7168DB,LDC621L2X80758877,
CA4256P1K2T1E5A80,LFWSRUPH6JAC11417,
LZ5120XXYRAP,LGGR2A133DL806745,
CA5160XXYP62K1L5E,LFNAFUKP9D1F16602,
HFC6470AR3BE3,LJ16AA236A7029852,
CA5160XXYPK2L5EA80-3,LFNAFRKP9AAC13151,
HFC5040XXYK3WT,LJ11KBAB2B6004167,
HG7201(ACCORD 2.0 i-VTEC),LHGCM462752032138,
YQZ6440,LJDJAA149B0038210,
KLQ6119GE3,LKLR1HSE3BC576393,
HFC5162XXYK2R1ZT,LJ11R9DE1B3211029,
EQ6450PF1,LVZX42KB6DA593879,
LZ5163XXYRAP,LGGR2A132AL524723,
SQR7103S110,LVVDB12A9BD478734,
CC7151AMA01,LGWEE2A41AE003389,
JTDBE30K300,JTDBE30K300209312,
HFC5081CCYP71K1C6,LJ11RFBD5E8009438,
JM7ER09L,JM7ER09LXB0229352,
SVW7209CJD,LSVCC63T2A2813811,
HFC6500A3C7,LJ16AA33477037391,
TV7250V4SGD,LFMBE20D2A0203415,
ZK6108HGC,LZYTCGD60A1016761,
YQZ6370EMX,LJDAAA22420020596,
FV7186FCDGG,LFV3A21KXC4005329,
CA4170PK2E3A95,LFWNGUMB7ALA12951,
JX5048XXYXGA2,LEFYECG25EHN40354,
CNJ1041ZDB33M,LS1D221B8G0552944,
BH7200MY,LBEEFAJBXBX294783,
ZN6444V1A4,LJNMDV1L2EN197124,
QCJ7200E2,LGXC16DG881003645,
JNP6122T,L8AL2CE07AB005607,
SC6382E3S,LS4AAB3D59A107940,
AKL9352TJZ,LF59DGD29A1091595,
BJ5129VJBED-FA,LVBV5JBB0DJ018450,
SC6380,LS4AAB3R65A006251,
CC6460RM40,LGWEFEA57CF053038,
SQR6400S227,LVTDB12A99B007293,
SC7150C,LS5W3ADE4BB115038,
DN6403L3,LDNCAVYX570006236,
HFC7200CG3,LJ12FKT30B4100244,
KLQ6856AE3,LKLR1DS93BA564543,
ZB1043LDDS,LA71AKG47B0009482,
NJ1041DBDT5,LNYADDA22GK500166,
BJ1030V5JL3-D5,LVAV2JVB0HE391284,
BJ1043V9JEA-A,LVBV3JBB0EE163083,
JTEBX3FJ,JTEBX3FJ4GK230088,
SC6399H4S,LS4AAB3D0BA075730,
HFC5040XXYKT,LJ11KBAB1CC008228,
CA1044P40K2L1E4A85,LFNA4MBA8EAC14642,
DFH1250AXV,LGAX4C353H3043203,
HFC5161XXYP3K1A47V,LJ11R9DD3H3501403,
WDDNG56X,WDDNG56X88A272939,
BJ5142GJB-G1,LVBV5PDB1GN030796,
ZK6107HK9,LZYTBTD67C1051991,
XML6502E33,LFZBBAGC2AA001257,
EQ1252WB3G,LGAX4B357A5007339,
CA1250P1K2L7T3E4A80,LFNCRULX5FAD11540,
BJ5252GJB-5,LRDV6PEC0DT001966,
STJ5024XXYEV,LKJTBKBY9GF009100,
KLQ6109GAE5,LKLR1FSE2HA721853,
EQ5080XXY20DDAC,LGDCS81KXBB108512,
LZ5180XYKM3AB,LGGR3AG43HL455449,
WDCBB72E,WDCBB72E99A502608,
ZK6999HD9,LZYTCTD64B1044802,
2FMDK4KC,2FMDK4KC6BBA50876,
ZK6876H1Y,LZYTDTD65F1031107,
CA4163P1K2EA80,LFWNFUMB4AAD30640,
KLQ6125BAC41,LKLA3L1L9CB609821,
LZW1029SPYA,LZWCBAGA5GA065231,
WVWS4313,WVWS43136CV030537,
JTHBJ46G382,JTHBJ46G382243690,
ZQS5062TQZJP,LJ11KDBC881012122,
1B3CB4HA,1B3CB4HA7BD160496,
DFA5041XXY30D4AC,LGDCH71DXFA133903,
CA1133P9K2L4E,LFNACRJK491E08715,
BJ3165DJPFA-1,LVBV5PDB0GW005463,
WDCCB65E,WDCCB65E68A076417,
STJ5024XXYEV7,LKJTBKBY5JF000918,
HFC5045CCYK103R1,LJ11RBBC3C8011346,
XML5031XYZ28,LFZBBAGC0EA002851,
LBA6482MQ2,LN86DCBFXFA000908,
LZW6410BCY,LZWACAGA7GA002314,
JX1040TSG24,LEFAFCG2XEHN42924,
HFC1042P93K3B3,LJ11KBAB8G6516037,
JDF5061JGKJ,LEFYFCG33AHN12861,
HFC6700JK,LJ16AD4E1A3003280,
JTJHY00W,JTJHY00W9G4215599,
HDS9362GGY,LA99ERA3XC0HDS041,
BJ1046V9PB4-X1,LVBV3PBB9DN042246,
WVWLJ57N,WVWLJ57N8GV206074,
QL10703KAR,LWLNKR3G1DL056371,
BJ3153DKPEA-1,LVBV5PBBXAW013354,
WDDKJ4HB,WDDKJ4HB2CF154929,
XMQ6900Y,LA6R1DSC29B201909,
WBA1A310,WBA1A3105CE931535,
EQ1080S35DC,LGDTS91G8AA139943,
ZLJ5251GJB2,LZGCL2R40BX018989,
HFC5162CCYK3R1GZT,LJ11R9DD8D8039109,
HFC1043P91K2C2V,LJ11KBBD2H8510983,
BJ5048XXY-FE,LVBV3JBB9JY017807,
BJ1042V9AB5-S,LVBV3AAB4BZ012303,
WVWCJ57N,WVWCJ57N1EV032619,
BJ4189SLFKA-XC,LRDS6PEB8HT010382,
HFC1030PW4E1B3V,LJ11KAA10J8515400,
CA5103XXYP62K1L4E4,LFNA0UJK9E1E26892,
BJ7270CX,LE4FT65D177006286,
BJ5049CCY-CF,LVBV3PBB4GE028243,
SCT6702TRB53L,LFMHS58149S003960,
HFC3110K1R1T2,LJ13RUACXDA003101,
HFC5043XXYP71K5C2V,LJ11KBBC3J8012742,
HFC1084K2T,LJ11KFBC7D8011346,
NJ5046XXYN4,LNYSBKA47DV602993,
CA5100XXYPK2EA80-3,LFNA0RCH8AAC16034,
WBADW310,WBADW3106CE631744,
DD5031XLJ,LDDC8B308G0004313,
JM7BL04F,JM7BL04F2A1169551,
CA5061XXYK26L2-3A,LFNA6LB95BHA13214,
HFC1041P93K4C2V,LJ11KBBC6J1708293,
CA5189XXYPK2L7E5A80,LFNAHRLX6HAC09920,
LZW6510PY,LZWACBGA4G9021653,
BJ1129VGPEA-FB,LVBV4PBB0AJ021902,
DFL5253XLCAX1B,LGAX4C356H3014505,
LSX9400GHY,LA93GNN68A1HNF136,
W0LLB6E0,W0LLB6E00CB034675,
NTV9400GYQQ,LJRT13382CE000059,
SC1031AAS57,LSCAB33R4HE708640,
ZJV9400TH,LJRB13386G2014677,
EQ1140L8BDF,LGDXWA1R9HH104306,
KNAHH81A,KNAHH81A3C7372054,
ND42502B38J7,LBZ44DEBXDA004205,
KMC1048LLB26D4,LWU2DM1CXFKM00865,
SC5015XYZ1,LS4BDC1R84A125874,
ZK6935HNG2,LZYTDGDF8F1034414,
JX5062XXYXG2,LEFYECG339HN28699,
BJ3045D8JB5-1,LVBV3JAB2GW007514,
CA6393,LFB0C1358A6S09933,
NJZ5251GFL4,LGAX4C445E3009197,
WBAGN21080D,WBAGN21080DR88015,
WBAKR010,WBAKR0102E0J15846,
BJ3251DLPJB-S9,LVBV6PEB5BH013311,
ZJL5053XLCD,LWLDNR8G6AL040707,
CQ4185HTG361,LZFH18R17FD302040,
JX5050XXYXGA2,LEFYECG3X9HN15738,
SC7003AABEV,LS5A2AJXXGA000654,
ZK6858H9,LZYTDTC67B1027605,
BJ1032V3JA5-D1,LVAV2JBB4EE287011,
LZW1029BCYA,LZWCAAGA5GA060498,
KFT5040XLC,LNJDBAA37DV400907,
CGJ5163TXSE4,LGAX2B138E8099251,
STJ6400A,LKJHB1AD7CF000033,
DFH5180XXYBX3JV,LGAX3A134J1020667,
EQ1120TZ12D5,LGDTWA1P2AB114990,
CSZ9260TJZP,LZ7BJ62584ACS0029,
SC6398B,LS4AAB3D06F001040,
SCT6704GRB53LEX,LFME55817DS002739,
S280,WDB2200631A256079,
5GALVBED,5GALVBED7AJ184968,
JTEGD34M457,JTEGD34M457026211,
DFL5160XXYBX18,LGAX2A136F1031700,
DN6443M,LDNH38RH630054198,
SC5027XXYDA4,LSCAB53R0EG164939,
SC6398,LS4AAB3R47F050898,
CGJ5122ZXX,LGAX2A124F1011923,
HFC1162K1R1GZT,LJ11R9DD498005711,
XQX5040ZLJ3,LGDCH81C5CA107332,
EQ1041TZ20D3,LGDTH81G3AA143021,
SQR5040XXYH29D,LVMZ2D4A4EB027901,
LFJ1090G1,LKT1S1CD5D1000259,
BMW7250AA(BMW325i),LBVVB59066SA71166,
JS3TD04V,JS3TD04V4B4614313,
YV1CZ595,YV1CZ5955C1639143,
SC1035SGC5,LSCBB23E2JG609269,
BJ1041V9PBA-S,LVBV3PBB2CE040319,
3C4PDCGB,3C4PDCGB8GT195970,
SX4257NT279,LZGJLNR98AX039849,
HFC5141XXYP91K1D4,LJ11R9CDXE3003776,
JTHBJ46G372,JTHBJ46G372112967,
CA5161CCYPK2L2EA80-1,LFNAFRJM1CAC29984,
HFC1048K103R1,LJ11RBBC7B1017903,
LKB9400TJZE,LA996RJ3XG0LKB408,
FXC5160XYKP62L4E5,LFNAFUKP3J1E16510,
ZK6929DX5,LZYTDTC21E1025348,
TJG5100GQX,LGAXBH1M072001427,
KMHSH81B,KMHSH81B7AU621094,
EQ5048XXY20D3,LGDCH81G4AA141133,
FV7184(Golf),LFV3B11J073015233,
BJ5036XLC-XA,LVCB2NWA9FS011641,
SC6443C4,LS4ASB3R9BG115227,
FXC5163XXYP9L2AE,LFNAFRJK1A1F15765,
BJ2320-4,LVAL2JAB8AE360870,
WDCDF7BE,WDCDF7BE0GA739384,
ZZ4257N3247C1,LZZ5CLNB0DA742150,
JBC4015P1,LWU2P22C3AKM01505,
SC1025SPBC5,LSCBBZ3E7JG643989,
CA1250PK2L5T3EA80,LFNCRRKS9DAC03163,
AH5256GJB4,LZ5N2CD377B064588,
DHW6464(CR-V 2.4 i-VTEC M),LVHRD777355011438,
GA6420SE4,LCR6U3122EX617316,
GDM9350TJZ,LA99FRJ20G0WST003,
HFC1040K9R1T,LJ11RBAC2AC004755,
CA5160XXYP62K1L4A1E5,LFNAFUKM7H1E20107,
BJ5049CCY-BF,LVBV3JBB9GJ078768,
XZJ5404JQZ50B,LXGCCA401AA014444,
WBAHN21057D,WBAHN21057DS97037,
ZB1040BSC3F,LA71CHE45E0063545,
ZQS5071TQZQPD,LWLDAA1G7DL095176,
3GYFNDEY,3GYFNDEY3AS593181,
SY5250GJB4,LFCDH65P291001307,
ZLJ5070ZYSE3,LWLDARHG7DL042367,
ZZ4187M3517C,LZZ5CCMC0AN470746,
BJ1042V9JB5-S2,LVBV3JBB5CE070234,
SX4255TR294,LZGJLTR45CX044860,
ZJV9400TJZHJB,LJRC10370C4050180,
XMQ5030XXYF3,LKLSAAS38DB506596,
LZW5021XYZB,LZWACCJ1241010966,
ACQ5122TPB,LJ11RVCD1A1021680,
NJ1082DCFZ,LNYAEDA25CK402997,
SY6504WS1BH,LSYBCAAFXAK031187,
SX4255NT294C1,LZGJLNR42AX002932,
HFC5241XYKP2K1C54F,LJ11R4FG2G3308877,
KLQ6806XQE41,LKLS1CS56FA696789,
BJ1049V9JD6-F5,LVBV3JBB7FJ085233,
BJ5020XLC-A,LVAV2JVB4DE102613,
HFC1041K7RT,LJ11PBBBXD6005439,
JM7BK346,JM7BK346791463740,
BJ1032V4AB4-Y3,LVAV2ABB4DE375197,
BJ5049XXY-B1,LVBV3JBBXJE016666,
NJ1041DBFZ1,LNYADDA20BK306907,
ZB3042LPD3F,LA71BKG49E0058023,
WMEEJ80X,WMEEJ80X39K249619,
CA5148XXYPK2L4EA80-3,LFNADRCP8CAC30532,
CC7150BM07,LGWED2A42AE101415,
CGJ5120ZDJE5,LGAX2A121H1017519,
CGC5043XXYHGC33D,LG6ED34BXFY703484,
BJ5049V8BD6-2,LVBV3JBBXDJ027355,
ZZ1047D3414D144,LZZ1BAD40EE533090,
DXK1021NKF9,LVZUR31B1HC134670,
XMQ6530E64,LKLSBAS49BB503421,
TRUBFB8J,TRUBFB8J6C1010035,
EQ5041XXY3BDFAC,LGDCH91G7HA118641,
JM7BK346381,JM7BK346381411536,
HFC5045XXYK4T,LJ11KBBC2B9014221,
WBAVM310,WBAVM3105AVM76689,
XMQ6898AYD4D,LA6R1DSC8EB102201,
1G6D95EY,1G6D95EY3B0149902,
HFC5181XXYP3K2A70S2V,LJ11R2FF0H3215594,
ZZ1087D3414D183,LZZ1BADC8FE541303,
SC1031DS41,LSCAB33D9CE015723,
XML5032XXY28,LFZBBAGC7CA005095,
BJ1083VEJEA-S,LVBV4JBB1CE129566,
BMW 7301,LBVNA79014SA26146,
CXQ9400TJZP,L0198GT31A0007936,
AH5255GJB3,JALT9F4X267000142,
BDD5020XSH,LVMZ1A1M6EB030251,
BMW7202AX(BMWX1),LBVVZ5105CMA08261,
ZZ4257N3847C1CB,LZZ5CL3DXCD719489,
BJ6536B1DWA-V2,LVCB2NWA4GS023844,
THT5256GJB05ZZA,LZZ5BLNEXCN664030,
CTY9350GXH,LA0935G22J0001106,
C4 Picasso,VF73D5GY7FJ763571,
SY5382THB,JALY9F5Y467001208,
LZ5161XXYRAP,LGGR2A136DL810708,
KLQ6115HTC40,LKLR3HSF5EB651821,
HFC1110K1R1T,LJ11RUCC8A1021306,
BJ5169CCY-F2,LVBV5PBC7GJ037500,
BMW7250JD(BMW325i),LBVPS7102ASD70484,
HFC5091XLCP71K1D1,LJ11RRCD1G8016308,
CA4180P63K1A1E5,LFWNHUNBXJ1E21663,
ZZ1087D3414C180,LZZ5BADC5DE506667,
WDCGG81D,WDCGG81D38F302542,
JS3JB43V,JS3JB43V594103788,
SY6543HS1H,LSYBCAAB59K012796,
JNQ5041XBYXK41,LJ166D3C8F3003110,
JX1061TG24,LEFAECG33FHN48867,
DN5020XJHCC,LDND7EYH650112090,
HFC1121K1R1T,LJ11RVCD091018183,
CGJ5120GSS01,LGAX2B124C2009665,
CLW5110GSSD5,LGDCWA1L4JM202019,
BJ1101VEJFA-S,LVBV4JBB1DJ003703,
LZW1029BQYA,LZWCAAGA4HE354050,
CA4228P2K2T3EA80,LFWRMXNF2BAC06183,
KL1FC5E4,KL1FC5E41BB053265,
SH5041XJHA2D5,LSKG5GC15JA073514,
JX1061TG25,LEFAECG38HHN80880,
DC72012.0I,LDC761W2430000336,
EQ1031S50Q6,LGDCF31G1HB507322,
CSD,JTGFM418803001859,
HFC3110KR1Z,LJ13RUBC0EA002796,
CA3041P90K11,LFNG4HB61DTA15819,
CA1250P62K1L5T3E,LFNCRULU3C1E15557,
LZW1010PLNEi1,LZWCAAGA371057227,
SC6408F4,LS4AAB3R4BF057312,
BJ1049V9JEA-3,LVBV3JBB8EE014338,
BJ1040V9AA5-S,LVBV3AAB9AE239833,
HFC4250KR1K3,LJ18R4CJ1AF011409,
SC1031GDD41,LSCABN3D3EE014307,
YS2G6X23,YS2G6X236G2125240,
LZ5182CCYM3AB,LGGX3C139JL508616,
HK6606K,LJ16AC3C4B2009754,
QL5043XXYA7HAJ,LWLDMA7G4JL042610,
NJ1041DBDZ4,LNYADDA28DK405302,
BMW7301AA(BMW530i),LBVNE79076SA82678,
NJ1033DBBS,LNYADEA29BKK20520,
HFC3080K1R1T2,LJ13RFAC0CA005529,
ZGT6910DHG,LJ16BV5F193027049,
SX4256GR324,LZGJLGR41GG003168,
BJ1049V9JEA-KS1,LVBV3JBB9DJ016458,
HFC3161K1R1T,LJ13R9BD79A006095,
1GTZ78CG,1GTZ78CG2C1113859,
JTHBJ46G672,JTHBJ46G672137636,
WBSDX910,WBSDX9100BE370248,
NJ3160DDPW,LNYAFFA49CKC10768,
CSZ5160ZLJ2,LGAX2B135E1021471,
KMC1102LLB42P4,LWU4PM3C7GKM00014,
HFC3041KR1T1,LJ13RBAD1DA003100,
JX5064XXYXG2,LEFYECG32GHN43711,
EQ1120GZ12D7,LGDGWA1T49B110207,
DFA1041L35D6,LGDXH81G7EA103645,
HNY5040GQWE5,LGDCH91D8JA113802,
CA1094PK26L4E4,LFNA9LCF3GTB26840,
KLQ6540Q,LKLSBAS60AB535514,
CA4250P66K2T1A1EX,LFWSRXPJXA1F10154,
EQ5181XYKL9BDKAC,LGDXWB1XXJH104888,
BJ1089VEPEA-FA,LVBV4PBB69J052504,
JM7NC18F,JM7NC18F8A0201955,
KMHHN61F84U,KMHHN61F84U136204,
ZLJ5297THB,JALV9F4Y7E7005532,
SY6513P2S1H,LSYBCAAD3CK001353,
ZJL5043XLCD,LWLDARHG6BL049775,
SALMN124,SALMN1245BA347211,
WAUAY54L,WAUAY54L79D034454,
BJ5163VKCFK-A,LVBV5PDC0BE500415,
JX6477DA-M,LJXCMCCB5GT045607,
LZ4241QCA,LGGG4DX369L085970,
SC1026S,LSCBB23D86G136900,
BJ1129VJPED-FD,LVBV5PBB7EJ032348,
SC5022XXY7,LSCBB53D69G194557,
3.0,JN1CCUA33Z0171481,
SC1031GND55,LSCABN3D2JE232720,
YG3290GYZ,L3ADNGGT7AY200728,
ZQS5083TQZJP,LJ11KFCC0A1030226,
ZCZ9400TDPHJE,LZ1B23GE5G0003043,
ZZ4257W324HE1B,LZZ1CLXB1HA253807,
NJ1041DCFT,LNYADDA34EK901515,
HFC5162XXYP70K1E1,LJ11R9DE2F8006912,
LZW6376NVF,LZWACAGA3C2050753,
ZLJ5063TSLQLE4,LWLDNA1G5FL054214,
FLM5070TSLJL5,LEFYEDG49GHN35247,
EQ1080S20DC,LGDTR81G5BH100208,
BJ1027V2MD5-S,LVAV2MBB0BC000840,
WMWZF310,WMWZF310XCT161610,
ZZ3315N4665C,LZZTEXNF69J030485,
ZQZ5166XWTDB5,LGAX2A13XJ4030069,
JTHBJ46G782,JTHBJ46G782232000,
DFH5180CCYBX3JV,LGAX3A133J8021963,
BJ5046XXY-X1,LVBV3JBB0EE168395,
HFJ3033DF2TV,LKHV21K27ACA01119,
CA5042XXYP40K2L1E4A84-3,LFNA4LBA8EAC14280,
HFC5041XXYP73K3C3,LJ11KBBC8E8009633,
FDG6112EV2,LA9DCDBG3ESMC1706,
BJ5169XYK-A2,LVBV5PBC1GJ041171,
BJ5036XLC-A1,LVAV2JVB8JE109429,
LZ6471AQ3S,LGB1AAE389Z000551,
BJ1041V9ADA-A1,LVBV3ABBXJE028851,
HFC5081XXYP91K2C5,LJ11KFBD8F1031643,
DFA1030D40QD-KM,LGDVE21C9FB513059,
WP0CA29826U,WP0CA29826U712381,
ZZ4187N361HD1H,LZZ1CCSD9EA792857,
VIOS GLX-IECT,LTVBA423X30008695,
KLQ6128LQ,LKLR1LSR8JA729415,
BJ4253SNFKB-1,LVBS6PEB29H032136,
BJ5109XXY-A1,LVBV4PBB5JE026571,
ZQZ3163A,LGGX2A140AH015717,
BMW7201BL(BMW520Li),LBVPZ110XASD77692,
NJ6713TR6,LNVU1CA36DV503491,
EQ5080XXY19DCAC,LGDCS81GXAA172615,
BMW7200BD(BMW320i),LBVVG79048SC02093,
JX5044XXYXGJ2,LEFYECG2XFHN52064,
XMQ6129HYD3C,LA6A1KAL4CB400678,
QAL7164VAA,LLNC4ADB1EA006152,
YQZ7140E,LJDEAA299A0107441,
HFJ7161E,LKHAJ58M77AA01465,
SVW7189AJD,LSVCA23T7B2703224,
DC7200AT,LDC828W3140082674,
CAF6450A55,LVSHJCAL0GE659268,
HG7201A,LHGCM462462013693,
WDDNG7KB,WDDNG7KB5BA394476,
BJ6420EC,LE4FT28G765401615,
JTFSX23P,JTFSX23P2E6146887,
DFL5100XXYBX8,LGAX1AG36E1008488,
HFC5043XXYP71K1C2V,LJ11KBBD4H1700437,
JTHBJ46G572,JTHBJ46G572123498,
SC1026DAN4,LSCBB13D6CG126176,
CC7131MMA05,LGWED2A24AE104511,
XML6532J28,LL3AAAAC6EA006184,
BH7161HAY,LBEMDAFB5EZ314733,
ZJV5162ZYSHBE,LGAX2B13XE1063425,
NJ1042MDF3,LNJADDA28AK602156,
LZ5100XXYM3AA,LGGR19137FL235328,
KMHSM81D,KMHSM81D0EU069604,
WDBNG67J94A,WDBNG67J94A420230,
SGM7149ATA,LSGJL52M8CY330407,
EQ6383LF,LGKH32G7899216009,
BJ5313GJB-11,LRDV7PEC1DL003674,
QCJ7161A4,LGXC34DF890052342,
ZDY9400TPB,LA9962B30G0ZDY250,
SY6521G2S3BG,LSYHGACG8AK005370,
KMC1041P3,LWU2PM2C5BKM05990,
YQZ7166AEJ,LJDHAA125B0023605,
SH5031XSCG4,LSKF5BC13CA002829,
TM6500A1,LTKB62KBXAM000225,
DFL5203XXYAX,LGAX4B356C3013390,
ZZ5317GJBN3667E1,LZZ1BXSD7HD250430,
CA7180A3E,LFPH4ABC548A05032,
GAC6470D1A4,LMGDK1328C1000268,
TV7160DLXD,LFMAP22C5A0174972,
BORA1.8T AT,LFV3A21J263019419,
DFA1090S13D4,LGDCUA1MXFH107396,
LZ6460MQ16V,LGG8E2D16GZ390047,
SGM6470TAAD,LSGLP84X7GF087681,
XMQ6706NE3,LJ16AE4D3B2006251,
SQR7203B217,LVVDC14B6CD214083,
SVW6440BAi,LSVLH41T572233597,
KNAUP752346,KNAUP752346525722,
CA5041XXYK26L3-3C,LFNA4LBAXBHA11006,
SYM5449THB,WDANHCAA4J0244763,
DFL6430VFC1,LGBL2AE04BS022430,
HFC1162KR1ZT,LJ11R9DD2B8010685,
SSY9401TPB,LZ9940P35H0SSY339,
JE3AP59U,JE3AP59U4CZ003478,
BJ3043D9JEA-1,LVBV3JBBXAW014359,
EQ7350BA,LGBF1HE046R104972,
CSA7183AC,LSJW24G38AS048460,
CAF7151M1,LVSFDFML2BN041406,
ZB1040BDB7S,LA71AJC41C0011553,
JX1032PSE4,LEFADFE17FTP11894,
HFC1120P81K1C5,LJ11KVBD3E1007422,
QL5042XXYA1HAJ,LWLDNA1G4GL058790,
DFA5162XYKL10D8AC,LGDXWB1V0GH100808,
SQR7180M117,LVVDC11B79D193144,
BJ7301 (E 280),LE4FTM8K67L006306,
DD6480,LDD5105B270006641,
BJ3043D8PDA-FA,LVBV3PBB2JW012222,
BJ7130B3D,LNBSCBAF8CR015668,
TV7150GL-iM3,LTVBA423750096947,
SC7162LY,LS5A3ADE5CB105307,
CA7150HVB,LFMCFB0E963951157,
ZJV9402TJZ,LJRC15374G2008173,
HFC1041K4T,LJ11KBBB9A9017218,
SY7201Z,LSYYBBCC76K009340,
HFC1091KR1ST,LJ11RRBC6C1003131,
EQ1183L9BDG,LGDXWB1T7JH100407,
CA7234AT2,LFPH5ABC781A85834,
JDX5320GXFPM160/B,WDAKHCAA6H0123651,
SC6363B3Y,LS4BDB3D3AF185829,
LZW6475BMY,LZWADAGA6GB326913,
FV7301TFATG,LFV6A24F3A3037022,
FA6501,LB1WA5881B8014720,
CSZ5030ZLJ2,LVAV2JVB8FE113049,
NJ7152,LNPGPGBC558603008,
BJ6450A,LE4FJM5G245410113,
KLQ6109EV0H,LKLA6G1G1GA705679,
BJ7251A (C 230),LE4FTL8A48L019302,
CA5250XXYP63K1L6T3E4,LFNCRULX3F1E15671,
SCS5122GJYBJ,LVBV4JBB8HE519426,
HFC1081P91K1C5,LJ11KFBD4G1009351,
JX1060TG24,LEFAECG31EHN34903,
JTEGS21H,JTEGS21H8C8058657,
DFL1160BX9,LGAC2A139A1013019,
WDBRF52JX6F,WDBRF52JX6F808787,
HFC3162K1R1T,LJ13R9CC6AA004624,
EQ1310LZ3G3,LGAE5C659DL004691,
WMEEK3CA,WMEEK3CA2BK450120,
KLQ6118GE3,LKLR1HSDXBC566905,
JX6600D-M,LJXBMCHD3GT040881,
BJ5089XXY-BB,LVBV4JBB7EE025053,
NJ5046XGC4NS,LNYFBKA39AV500812,
BJ1101VGJEA-S,LVBV4JBB6AE006780,
ZB1042LDD6F,LA71AKH49E0046617,
KNALN411,KNALN4110E5154423,
CA1041K4L-3B1,LFNA4LB75AHA15323,
DFA1090S11D5,LGDCU91P1FH112494,
KLQ6898Q,LKLR1DSC5AA554350,
DFL5160XXYBX2A,LGAX2A131C1026741,
CA5041XXYK26L3-3B1,LFNA4LBA3DHA31200,
CGJ5251GJY07,LRDV6PDC2DH012407,
HFC1030PW6E1B7DV,LJ11KAA17H8507868,
THT9402TJZ02,LJRC14385E2008909,
SCZ5162GSS,LGAX2B139AL008818,
HFC1042K14T,LJ11KBAC0C6020670,
ZZ5107XXYG451CE1,LZZ1BAGF8HE618583,
ZZ5047CCYG3315E143,LZZ1BAFB7JE667665,
SC1022DB4N,LSCBB13D8EG128434,
SX3255DM354,LZGCL2N41AX026572,
BJ5088CCY-F1,LVBV4JBB0GY001033,
BJ5049V8BEA-3,LVBV3JBBXCJ040380,
HFC1071P91K2C2,LJ11KEBD3G1018195,
CA5250XXYP63K1L6T3AE5,LFNCRULX2J1E16688,
THT9401,LJRB1337172010639,
SCT6704TRB53L,LFMH65811DS000818,
GJC9400TDP,LA99D3340F0GZJ319,
DFH5160XXYBX2A2,LGAX2AG47G1021758,
YH5077TQZ02P,LWLDAA1G4FL068682,
DFA1160L15D7,LGDXWA1T1CH112372,
YV1DZ475,YV1DZ4754C2316245,
CHM1043GDC33V,LS1D221B5H0000691,
SH5491XJH,LSKF4BC139A000171,
DFL1160BX5,LGAX2A134F8014854,
QL5041XXY3HARJ,LWLDNR3G8GL093800,
SC1027DAC5,LSCAB13R7JG123940,
SC6408DV,LS4AAB3RX9A055474,
SY1035LC6AT,LSYCKS3M7JG226272,
SC6395C,LS4BAB3D48G090936,
BJ1089VEPEA-1,LVBV4PBB9CE013521,
EQ5170XYKL9BDKAC,LGDXWB1X8HH111686,
JX5044XXYXSGC2,LEFYFCG20FHN51891,
LCK6106HT,LDY6GS9D2A0004680,
XHS9400TPBE,LA9B40P39JAXHS140,
ZLJ5300JQZ25V,L5E5H3D31BA022967,
BJ5099XXY-FC,LVBV4PBB1EE023902,
JTJHY00W684,JTJHY00W684008427,
HFC1080P91K1C2V,LJ11KFBDXJ1703372,
AH5253GJB6,LZ5N2CD3XDB010665,
YZK6480E2A,LFNF3LW814MA01300,
GDQ6480A2,LG16H00D850007241,
YTQ1036W30GV,LYTCASA01EZ200206,
SY5033XBYL-HSH,LSYKKAABX9K027443,
WVWHC59C,WVWHC59C79M558339,
XMQ5030XXY64,LKLSBAS45DB507226,
KMC3042ZLB33P4,LWU2PM2C2EKM05465,
KLQ6109G,LKLR1FSD5BC577718,
JTJBC11A,JTJBC11A1B2048589,
BMW7301EL(BMW530Li),LBVND790X8SB90881,
SC1034FAS42,LSCAB33GXEE075670,
CA5040XXYK11L2E3,LFNA4HB96ATA42753,
BJ1083VEJEA-A,LVBV4JBBXDE505165,
CDW1310A1T4,LJVA8TDL9GS000381,
JNP6127FEB,L8AL2CGF4AB001158,
KL1FC6EG,KL1FC6EG2AB048168,
JTHBF30GX30,JTHBF30GX30119621,
HFC5040XXYKR1WT,LJ11RBAC7D6050231,
LZW5025XXYL,LZWCAAGA262105888,
ZK6122H9,LZYTATE67A1035773,
KLQ6609E5,LKLS1AS4XHA720607,
EQ6420PF7,LGK042K95B9L14326,
EQ5040XXYG19D3AC,LGDXH81G5BA118091,
CA1168PK2L2EA80,LFWAFRCM8DAC17082,
CLW5080ZYSD5,LGDCSA1L8JA109534,
QL10322DWR,LWLTFA2H6HL011231,
WVGA267L,WVGA267L1AD018899,
EQ1021TF10,LGHC12199B9J24221,
HFC1042K5R1T,LJ11RBAC9C8504532,
SY1037AASX9LFA,LSYFKS3EXGH081463,
VF1RMREB55D,VF1RMREB55D546527,
XMQ6112AYD5D,LA6R1GSF1GB201246,
CA5160XXYPK2L5E4A80-3,LFNAFRKP6FAC05385,
CA6374A1,LFB0C1347D6F26679,
LQG5029XXYBF,LZWDAAGA0EA064671,
ZZ4257V324HE1B,LZZ1CLVB3HA251477,
BJ1048V9JEA-FE,LVBV3PBB0HY009866,
XMQ6129FYD4C,LA6A1LAL4EB401418,
CA5251XXYP1K2L7T3EA80-1,LFNCRULXX9AD08105,
CLW5070GSSD5,LGDCP81G8HH115073,
XML6492E3YM,LFZBBAGC96A004972,
LZW6330,LZWNBCH0821030945,
BMW7250BD(BMW325i),LBVVH380X7SB50278,
JTHBG262282,JTHBG262282013551,
XMQ6129Y5,LA6R1HSL7AB101851,
SALAN2F4,SALAN2F42CA624496,
KMHHN61D24U,KMHHN61D24U140120,
DFL5110XXYBX18A,LGAX2A137E1016315,
WAU9FD8T,WAU9FD8T9CA034347,
BMW7301BL(BMW530Li),LBVND79008SB12819,
DFL5100XXYBX7A,LGAX1AG38C1016766,
SCT6700RZB54L,LFMDH58136S007684,
GS,LSGWK52W91S114253,
EQ5041XXY72DBAC,LGDCH81A7BA178173,
JX5120XXYTPR23,LEFAPDR69DHN15960,
HFC3040PB93K1B3,LJ11RBAB4G8517668,
KNALD224465,KNALD224465108014,
DC7165LSEM,LDC953T20G1456345,
ZK6110HF9,LZYTBTD62D1034503,
KMHHN61D06U,KMHHN61D06U208207,
ZLJ5162GQXDFE5,LGAX2B132G1011886,
ZLJ5030TYHSHE5,LSFGM2178HDM01965,
BJ5041XLC-FA,LVBV3JBB7DJ006575,
WBAKG310,WBAKG3101CE534715,
HFC1041K13R1D,LJ11RBBC8A6021881,
BJ6126U8MJB-1,LVCD6BEB3AM001948,
BJ3258DLPJB-23,LVBV6PEB8BH011861,
DFL1160BX2A,LGAX2A135D1087060,
HFC5120XXYP91K1D1V,LJ11RVCDXJ1914298,
BJ5043V7BEA-S,LVBV3JBB8BE121336,
JTDBE30K400,JTDBE30K400256588,
SZD5115GSSDA4,LGDCW91L8EB112923,
BQ1022N6M,LTA1222U5D2006687,
SALAN214,SALAN2143BA574875,
JX1042TPG23,LEFAPCG25DHN46486,
DFA1041L20D5,LGDXH91G7EA125165,
ZK6127HNQCA,LZYTATFF8D1045683,
JDA5250GFLDF5,LGAX4C442H3042498,
DFH5160CCYBX1JVA,LGAX2A135H1015636,
HFC1040K4WT,LJ11KBAB9BC011490,
HFC5048CCYK103,LJ11KBBC4D1053961,
ZB5043XXYLDD6F,LA71AKH48F0016171,
SQR4252N6ZT4-3,LVM4C3N95HB300967,
BJ1030V5PA4-X2,LVAV2PAB7DE421612,
NJ1100DCJZ,LNYAEDA32DK404412,
SALSN2D4,SALSN2D44AA236576,
HFC1040K12R1T,LJ11RBAC6B9020441,
KMC1042LLB33P4,LWU2PM2CXGKM00551,
SY6370B2SBW,LSYAFAAN7BG040086,
CA5310CLXYP63K2L6T4A2E,LFNFVUMX1D1F90926,
DFH5250XXYAX2V,LGAX4C357H3015369,
LZ6510AQ7S,LGB2AAE376Z012707,
FVR34P2X,LWLFVRGX8AL002017,
ZLJ5333JQZ25V,L5E6H3D23JA007770,
CLQ5060GSS3,LGDCM81G1BA120334,
ACG9400,LA940GL3496SAC696,
HFJ1036WF1TV,LKHN22K2XBCB01321,
CA1167P1K2L2EA80,LFNAFUKM4DAD06530,
HFC1043P91K7C2V,LJ11KBBC9J1913624,
BJ5048CCY-FC,LVBV3PBB3JY020723,
CS1035DCGB5,LSCBB13E9JG613989,
ZJV5255GJBTH02,LVBV6PEC2BL018018,
ZB1041JDD6V,LA71ALH47H0006885,
1FM5K8FH,1FM5K8FH4GGC44355,
BJ5032XXY-C1,LVAV2JVB2EE292087,
FXC5250XYKP62L7T3E4,LFNCRULX2G1E19213,
CA1250P1K2L7T3E5A80,LFNCRULX4HAC13005,
SC1031AGD55,LSCABN3E2JE260526,
SC6443,LS4ASB3R19G023569,
SC6443KA,LS4ASB3R6EG151221,
WVWPR13C,WVWPR13CXCE110724,
DFH5250CCYAXV,LGAX4C350H3041800,
HFC5251XYKP2K2D54V,LJ11R4FG2H3201345,
JX5044XXYXSGE2,LEFYFCG20GHNA0677,
JM7BK346781,JM7BK346781408266,
SC5028XXYDV5,LS4ASB3E3GA721145,
HFC1092P91K1D3,LJ11KRCDXE1025244,
XML6532JB8,LL3AAADD2FA004745,
JNJ6406A1F,LJ8H2A5B8BB014617,
ZZ4255N27C3D1H,LZZPCGNN4FJ065147,
WDCBB86E,WDCBB86E27A362172,
HFC1040K2R1WT,LJ11RBACXA6045293,
XZJ5042JSQL4,LEFYECG29GHN25410,
AH5251GFL0L4,LZ5N2CD39EB007029,
BMW7301FL(BMW530Li),LBVPZ710XASD93023,
SC1031AGD57,LSCABN3R1HE706775,
XMQ6530E63,LKLSBAS499B501324,
BJ1042V9PB5-S1,LVBV3PAB6AE441323,
SLS5163GYYD,LGAX2B133B1011291,
DFA5080XXY12D3AC,LGDCS91L7EB110110,
NJ1041DBFZ3,LNYADDA24BK305422,
BJ5099CCY-F1,LVBV4JBB2FJ048846,
ZK6127HW,LZYTATE6591028901,
ZK6880HX2,LZYTDTC67C1022373,
BJ3253DLPKB-XD,LRDV6PECXEL007243,
JF1SH52B,JF1SH52B2CG282060,
JE3AZ693,JE3AZ6936EZ002049,
ZK6122HQ9A,LZYTATE66G1026345,
NKR77LLEACJAX1,LWLNKRHV7DL047097,
SC6408G4,LS4AAB3D7DF023758,
BJ5036XXY-3,LVCP2CWA3BB009601,
JTHBG262162,JTHBG262162004028,
SY6521X4S3BG,LSYHGAAB7AK127452,